Chrom	Position	Ref	Cons	Reads1	Reads2	VarFreq	Strands1	Strands2	Qual1	Qual2	Pvalue	MapQual1	MapQual2	Reads1Plus	Reads1Minus	Reads2Plus	Reads2Minus	VarAllele
C4_BC28.191219_FM1-2_consensus_vsearch	20	T	*/+C	162	7	4.09%	2	1	93	93	0.007332911989892741	1	1	106	56	7	0	+C
C4_BC28.191219_FM1-2_consensus_vsearch	39	C	*/+G	157	9	5.26%	2	1	93	93	0.0017474110844853488	1	1	101	56	9	0	+G
C4_BC28.191219_FM1-2_consensus_vsearch	41	A	*/-G	154	10	5.92%	2	1	93	93	8.478730484464233E-4	1	1	98	56	10	0	-G
C4_BC28.191219_FM1-2_consensus_vsearch	42	G	*/-AG	75	84	52.5%	2	2	93	93	1.2989209331401933E-32	1	1	20	55	82	2	-AG
C4_BC28.191219_FM1-2_consensus_vsearch	46	T	*/+C	163	7	4.07%	2	1	93	93	0.007335698806984051	1	1	105	58	7	0	+C
C4_BC28.191219_FM1-2_consensus_vsearch	47	C	*/+A	149	16	9.3%	2	1	93	93	1.041705276983795E-5	1	1	94	55	16	0	+A
C4_BC28.191219_FM1-2_consensus_vsearch	54	C	*/-T	156	8	4.62%	2	2	93	93	0.0035794408926960136	1	1	109	47	4	4	-T
C4_BC28.191219_FM1-2_consensus_vsearch	64	T	*/+G	161	9	5.2%	2	2	93	93	0.0017521117144003763	1	1	105	56	8	1	+G
C4_BC28.191219_FM1-2_consensus_vsearch	72	C	*/+A	158	8	4.62%	2	2	93	93	0.0035832986795768713	1	1	106	52	7	1	+A
C4_BC28.191219_FM1-2_consensus_vsearch	112	C	*/-G	155	12	7.02%	2	1	93	93	1.989493779285625E-4	1	1	100	55	12	0	-G
C4_BC28.191219_FM1-2_consensus_vsearch	115	A	*/-T	147	18	10.47%	2	2	93	93	2.3373236979351213E-6	1	1	101	46	7	11	-T
C4_BC28.191219_FM1-2_consensus_vsearch	145	A	*/+G	140	11	6.43%	2	1	93	93	4.043060547994595E-4	1	1	93	47	11	0	+G
C4_BC28.191219_FM1-2_consensus_vsearch	145	A	*/-G	140	10	5.85%	2	1	93	93	8.363994673172601E-4	1	1	93	47	0	10	+G
C4_BC28.191219_FM1-2_consensus_vsearch	151	T	*/-A	158	10	5.81%	2	1	93	93	8.508146096123988E-4	1	1	101	57	10	0	-A
C4_BC28.191219_FM1-2_consensus_vsearch	154	T	*/-A	154	8	4.71%	2	1	93	93	0.0035754898805095913	1	1	98	56	8	0	-A
C4_BC28.191219_FM1-2_consensus_vsearch	176	C	*/-A	143	27	15.61%	2	1	93	93	2.428663092560871E-9	1	1	86	57	27	0	-A
C4_BC28.191219_FM1-2_consensus_vsearch	179	G	*/-AG	156	8	4.73%	2	2	93	93	0.0035794408926960136	1	1	99	57	7	1	-AG
C4_BC28.191219_FM1-2_consensus_vsearch	187	G	*/-TG	163	9	5.2%	2	2	93	93	0.0017543824532390317	1	1	113	50	1	8	-TG
C4_BC28.191219_FM1-2_consensus_vsearch	195	T	*/+G	158	7	4.05%	2	1	93	93	0.007321431252717009	1	1	100	58	7	0	+G
C4_BC28.191219_FM1-2_consensus_vsearch	196	A	*/-G	159	8	4.65%	2	1	93	93	0.0035851936379921044	1	1	103	56	8	0	-G
C4_BC28.191219_FM1-2_consensus_vsearch	199	T	*/-C	139	32	18.6%	2	1	93	93	4.6999702398466706E-11	1	1	81	58	32	0	-C
C4_BC28.191219_FM1-2_consensus_vsearch	204	A	*/-C	150	16	9.3%	2	1	93	93	1.0442229936658031E-5	1	1	110	40	0	16	-C
C4_BC28.191219_FM1-2_consensus_vsearch	223	C	*/-A	155	10	5.85%	2	2	93	93	8.486212450770172E-4	1	1	103	52	8	2	-A
C4_BC28.191219_FM1-2_consensus_vsearch	245	T	*/+C	161	9	5.23%	2	2	93	93	0.0017521117144003763	1	1	105	56	8	1	+C
C4_BC28.191219_FM1-2_consensus_vsearch	246	C	*/-G	147	19	10.98%	2	1	93	93	1.1051092408668439E-6	1	1	110	37	0	19	-G
C4_BC28.191219_FM1-2_consensus_vsearch	256	A	*/+G	134	14	8.24%	2	1	93	93	4.422121277582909E-5	1	1	103	31	0	14	+G
C4_BC28.191219_FM1-2_consensus_vsearch	256	A	*/-G	134	10	5.88%	2	1	93	93	8.308324239539793E-4	1	1	103	31	0	10	+G
C4_BC28.191219_FM1-2_consensus_vsearch	259	C	*/-T	147	23	13.37%	2	2	93	93	5.3697384792283925E-8	1	1	111	36	3	20	-T
C4_BC28.191219_FM1-2_consensus_vsearch	261	T	*/-C	155	11	6.36%	2	2	93	93	4.1149157049812866E-4	1	1	112	43	1	10	-C
C4_BC28.191219_FM1-2_consensus_vsearch	275	C	*/-T	161	7	4.07%	2	2	93	93	0.007330092413737525	1	1	104	57	6	1	-T
C4_BC28.191219_FM1-2_consensus_vsearch	277	T	*/+C	152	8	4.65%	2	1	93	93	0.003571442224584179	1	1	94	58	8	0	+C
C4_BC28.191219_FM1-2_consensus_vsearch	291	G	*/-C	162	10	5.78%	2	1	93	93	8.536248951582895E-4	1	1	104	58	10	0	-C
C4_BC28.191219_FM1-2_consensus_vsearch	298	C	*/-AC	161	10	5.78%	2	1	93	93	8.529341483590452E-4	1	1	103	58	10	0	-AC
C4_BC28.191219_FM1-2_consensus_vsearch	306	C	*/+A	159	9	5.29%	2	1	93	93	0.0017497885367513443	1	1	103	56	9	0	+A
C4_BC28.191219_FM1-2_consensus_vsearch	317	T	*/-G	149	21	12.14%	2	1	93	93	2.47014788141641E-7	1	1	113	36	0	21	-G
C4_BC28.191219_FM1-2_consensus_vsearch	325	C	*/+A	156	7	4.05%	2	1	93	93	0.007315482324450346	1	1	104	52	7	0	+A
C4_BC28.191219_FM1-2_consensus_vsearch	326	G	*/-A	164	7	4.09%	2	1	93	93	0.007338453432453804	1	1	106	58	7	0	-A
C4_BC28.191219_FM1-2_consensus_vsearch	336	C	*/-G	153	15	8.77%	2	2	93	93	2.2012244605339464E-5	1	1	109	44	2	13	-G
C4_BC28.191219_FM1-2_consensus_vsearch	343	C	*/-G	124	42	24.28%	2	2	93	93	1.1618347361592943E-14	1	1	74	50	35	7	-G
C4_BC28.191219_FM1-2_consensus_vsearch	350	T	*/-C	161	10	5.78%	2	1	93	93	8.529341483590452E-4	1	1	103	58	10	0	-C
C4_BC28.191219_FM1-2_consensus_vsearch	352	A	*/-G	155	7	4.12%	2	1	93	93	0.00731245349755727	1	1	103	52	7	0	-G
C4_BC28.191219_FM1-2_consensus_vsearch	362	T	*/-C	148	24	13.87%	2	2	93	93	2.5173912046089603E-8	1	1	93	55	22	2	-C
C4_BC28.191219_FM1-2_consensus_vsearch	364	C	*/-G	154	16	9.25%	2	1	93	93	1.0540408028986962E-5	1	1	112	42	0	16	-G
C4_BC28.191219_FM1-2_consensus_vsearch	368	G	*/-A	136	32	18.82%	2	1	93	93	4.553580260870874E-11	1	1	80	56	32	0	-A
C4_BC28.191219_FM1-2_consensus_vsearch	389	C	*/-T	156	15	8.67%	2	1	93	93	2.21444789342503E-5	1	1	115	41	0	15	-T
C4_BC28.191219_FM1-2_consensus_vsearch	395	T	*/-C	152	20	11.63%	2	1	93	93	5.308368757193249E-7	1	1	95	57	20	0	-C
C4_BC28.191219_FM1-2_consensus_vsearch	397	C	*/-A	146	16	9.25%	2	2	93	93	1.0339940493454212E-5	1	1	100	46	8	8	-A
C4_BC28.191219_FM1-2_consensus_vsearch	401	G	*/+A	155	11	6.36%	2	1	93	93	4.1149157049812866E-4	1	1	99	56	11	0	+A
C4_BC28.191219_FM1-2_consensus_vsearch	403	A	*/-G	162	7	4.09%	2	1	93	93	0.007332911989892741	1	1	113	49	0	7	-G
C4_BC28.191219_FM1-2_consensus_vsearch	415	C	*/-GC	152	13	7.56%	2	2	93	93	9.547506627427142E-5	1	1	100	52	8	5	-GC
C4_BC28.191219_FM1-2_consensus_vsearch	417	C	*/-A	143	11	7.05%	2	2	93	93	4.058484568807199E-4	1	1	101	42	3	8	-A
C4_BC28.191219_FM1-2_consensus_vsearch	422	T	*/-AC	150	21	12.14%	2	1	93	93	2.480289251016574E-7	1	1	94	56	21	0	-AC
C4_BC28.191219_FM1-2_consensus_vsearch	440	G	*/+TG	96	63	37.5%	2	2	93	93	4.8031314352061855E-23	1	1	61	35	47	16	+TG
C4_BC28.191219_FM1-2_consensus_vsearch	442	G	*/+A	150	17	10.06%	2	2	93	93	4.9702505854652535E-6	1	1	95	55	15	2	+A
C4_BC28.191219_FM1-2_consensus_vsearch	481	T	*/+G	157	7	4.12%	2	2	93	93	0.007318474691436204	1	1	106	51	2	5	+G
C4_BC28.191219_FM1-2_consensus_vsearch	483	A	+C/+C	19	143	82.66%	2	2	93	93	1.6058582192923814E-71	1	1	15	4	89	54	+C
C4_BC28.191219_FM1-2_consensus_vsearch	484	C	*/+T	38	125	72.67%	2	2	93	93	2.504970936945674E-56	1	1	36	2	73	52	+T
C4_BC28.191219_FM1-2_consensus_vsearch	488	T	*/-G	137	31	17.92%	2	2	93	93	1.0137532697552934E-10	1	1	109	28	3	28	-G
C4_BC28.191219_FM1-2_consensus_vsearch	496	G	*/-C	154	12	7.02%	2	1	93	93	1.9869530662687383E-4	1	1	99	55	12	0	-C
C4_BC28.191219_FM1-2_consensus_vsearch	497	C	*/+T	148	9	5.59%	2	1	93	93	0.001735987137056536	1	1	100	48	0	9	+T
C4_BC28.191219_FM1-2_consensus_vsearch	498	C	*/-T	158	9	5.2%	2	1	93	93	0.0017486067130074762	1	1	114	44	0	9	-T
C4_BC28.191219_FM1-2_consensus_vsearch	504	T	*/-A	152	9	5.33%	2	1	93	93	0.0017412171593368057	1	1	98	54	9	0	-A
C4_BC28.191219_FM1-2_consensus_vsearch	513	G	*/-A	148	16	9.52%	2	1	93	93	1.0391614819203167E-5	1	1	91	57	16	0	-A
C4_BC28.191219_FM1-2_consensus_vsearch	527	T	*/-G	143	29	16.76%	2	1	93	93	5.134509769865614E-10	1	1	115	28	0	29	-G
C4_BC28.191219_FM1-2_consensus_vsearch	530	A	*/-G	154	16	9.25%	2	2	93	93	1.0540408028986962E-5	1	1	100	54	12	4	-G
C4_BC28.191219_FM1-2_consensus_vsearch	532	G	*/+A	135	24	14.04%	2	1	93	93	2.332574989613728E-8	1	1	77	58	24	0	+A
C4_BC28.191219_FM1-2_consensus_vsearch	535	A	*/+G	160	7	4.14%	2	1	93	93	0.007327239497639241	1	1	103	57	7	0	+G
C4_BC28.191219_FM1-2_consensus_vsearch	562	T	*/-C	161	10	5.81%	2	1	93	93	8.529341483590452E-4	1	1	104	57	10	0	-C
C4_BC28.191219_FM1-2_consensus_vsearch	580	T	*/-AT	155	13	7.6%	2	2	93	93	9.591141652373468E-5	1	1	102	53	11	2	-AT
C4_BC28.191219_FM1-2_consensus_vsearch	583	G	*/-TG	160	7	4.07%	2	2	93	93	0.007327239497639241	1	1	106	54	4	3	-TG
C4_BC28.191219_FM1-2_consensus_vsearch	585	G	*/+A	155	7	4.22%	2	1	93	93	0.00731245349755727	1	1	100	55	7	0	+A
C4_BC28.191219_FM1-2_consensus_vsearch	589	T	*/+A	160	9	5.2%	2	1	93	93	0.001750956793192828	1	1	103	57	9	0	+A
C4_BC28.191219_FM1-2_consensus_vsearch	598	T	*/-A	156	12	6.94%	2	2	93	93	1.9920063431870148E-4	1	1	111	45	2	10	-A
C4_BC28.191219_FM1-2_consensus_vsearch	619	T	*/+C	160	9	5.26%	2	1	93	93	0.001750956793192828	1	1	105	55	9	0	+C
C4_BC28.191219_FM1-2_consensus_vsearch	621	A	*/-G	134	30	17.75%	2	2	93	93	2.1635976142641261E-10	1	1	92	42	17	13	-G
C4_BC28.191219_FM1-2_consensus_vsearch	633	T	*/-AT	161	7	4.12%	2	1	93	93	0.007330092413737525	1	1	104	57	7	0	-AT
C4_BC28.191219_FM1-2_consensus_vsearch	646	C	*/-T	165	7	4.05%	2	1	93	93	0.007341176420737498	1	1	115	50	0	7	-T
C4_BC28.191219_FM1-2_consensus_vsearch	649	C	*/-G	144	13	7.51%	2	2	93	93	9.4237426296782E-5	1	1	99	45	6	7	-G
C4_BC28.191219_FM1-2_consensus_vsearch	670	G	*/+C	116	9	5.29%	2	1	93	93	0.00168258665405184	1	1	58	58	9	0	+C
C4_BC28.191219_FM1-2_consensus_vsearch	670	G	*/-C	116	36	21.18%	2	1	93	93	1.383309958945018E-12	1	1	58	58	36	0	-C
C4_BC28.191219_FM1-2_consensus_vsearch	689	T	*/-C	150	11	6.55%	2	2	93	93	4.0923666995498303E-4	1	1	108	42	1	10	-C
C4_BC28.191219_FM1-2_consensus_vsearch	700	C	*/-A	161	7	4.09%	2	1	93	93	0.007330092413737525	1	1	105	56	7	0	-A
C4_BC28.191219_FM1-2_consensus_vsearch	703	G	*/-A	152	8	4.76%	2	1	93	93	0.003571442224584179	1	1	94	58	8	0	-A
C4_BC28.191219_FM1-2_consensus_vsearch	721	A	*/+G	156	12	6.98%	2	1	93	93	1.9920063431870148E-4	1	1	99	57	12	0	+G
C4_BC28.191219_FM1-2_consensus_vsearch	722	G	*/+A	146	13	7.56%	2	2	93	93	9.455744868508154E-5	1	1	90	56	12	1	+A
C4_BC28.191219_FM1-2_consensus_vsearch	722	G	*/-AG	146	7	4.07%	2	1	93	93	0.007283437074166116	1	1	90	56	7	0	+A
C4_BC28.191219_FM1-2_consensus_vsearch	729	T	*/+A	150	9	5.33%	2	1	93	93	0.0017386339909437924	1	1	99	51	9	0	+A
C4_BC28.191219_FM1-2_consensus_vsearch	825	A	*/-G	131	25	14.62%	2	2	93	93	1.0483945983847226E-8	1	1	91	40	16	9	-G
C4_BC28.191219_FM1-2_consensus_vsearch	833	T	*/-C	144	19	11.18%	2	2	93	93	1.0933893119205106E-6	1	1	108	36	2	17	-C
C4_BC28.191219_FM1-2_consensus_vsearch	834	C	*/-G	130	7	4.67%	2	2	93	93	0.007222585094021624	1	1	101	29	4	3	-G
C4_BC28.191219_FM1-2_consensus_vsearch	848	C	*/-T	159	12	6.98%	2	1	93	93	1.9993797238853733E-4	1	1	114	45	0	12	-T
C4_BC28.191219_FM1-2_consensus_vsearch	854	G	*/+A	165	7	4.05%	2	1	93	93	0.007341176420737498	1	1	107	58	7	0	+A
C4_BC28.191219_FM1-2_consensus_vsearch	858	A	*/+G	82	9	5.52%	2	2	93	93	0.0015870180132160528	1	1	56	26	4	5	+G
C4_BC28.191219_FM1-2_consensus_vsearch	858	A	*/-G	82	57	34.97%	2	2	93	93	4.7554033859367086E-21	1	1	56	26	41	16	-G
C4_BC28.191219_FM1-2_consensus_vsearch	858	A	*/-GGG	82	8	4.91%	2	1	93	93	0.003320812258867606	1	1	56	26	0	8	-G
C4_BC28.191219_FM1-2_consensus_vsearch	867	A	*/+C	157	7	4.05%	2	1	93	93	0.007318474691436204	1	1	113	44	0	7	+C
C4_BC28.191219_FM1-2_consensus_vsearch	868	T	+C/+C	27	133	78.7%	2	2	93	93	2.933953017964859E-63	1	1	11	16	102	31	+C
C4_BC28.191219_FM1-2_consensus_vsearch	874	A	*/-C	146	22	12.79%	2	2	93	93	1.1431498440218113E-7	1	1	109	37	4	18	-C
C4_BC28.191219_FM1-2_consensus_vsearch	879	C	*/-A	161	8	4.65%	2	1	93	93	0.0035889176506417294	1	1	104	57	8	0	-A
C4_BC28.191219_FM1-2_consensus_vsearch	910	T	*/+G	146	11	6.4%	2	2	93	93	4.073353769821135E-4	1	1	91	55	10	1	+G
C4_BC28.191219_FM1-2_consensus_vsearch	911	A	*/-G	114	41	25.31%	2	2	93	93	2.1445734838293123E-14	1	1	82	32	18	23	-G
C4_BC28.191219_FM1-2_consensus_vsearch	912	G	*/+A	111	10	8.06%	2	1	93	93	8.04674235219413E-4	1	1	78	33	10	0	+A
C4_BC28.191219_FM1-2_consensus_vsearch	913	G	*/+A	135	17	9.94%	2	1	93	93	4.752670452191461E-6	1	1	78	57	17	0	+A
C4_BC28.191219_FM1-2_consensus_vsearch	930	A	*/-G	164	7	4.07%	2	2	93	93	0.007338453432453804	1	1	111	53	2	5	-G
C4_BC28.191219_FM1-2_consensus_vsearch	941	T	*/+G	73	65	38.92%	2	2	93	93	1.239390704603668E-24	1	1	42	31	48	17	+G
C4_BC28.191219_FM1-2_consensus_vsearch	941	T	*/+GG	73	7	4.19%	2	2	93	93	0.006813309504518076	1	1	42	31	1	6	+G
C4_BC28.191219_FM1-2_consensus_vsearch	941	T	*/-G	73	19	11.38%	2	2	93	93	6.772803822818163E-7	1	1	42	31	18	1	-G
C4_BC28.191219_FM1-2_consensus_vsearch	945	G	*/-A	160	11	6.36%	2	2	93	93	4.136216803787874E-4	1	1	104	56	9	2	-A
C4_BC28.191219_FM1-2_consensus_vsearch	948	C	*/-A	142	9	5.33%	2	2	93	93	0.0017276400371805214	1	1	103	39	5	4	-A
C4_BC28.191219_FM1-2_consensus_vsearch	958	T	*/+G	161	10	5.78%	2	2	93	93	8.529341483590452E-4	1	1	106	55	9	1	+G
C4_BC28.191219_FM1-2_consensus_vsearch	959	A	*/-G	155	9	5.2%	2	1	93	93	0.0017449774351898418	1	1	101	54	9	0	-G
C4_BC28.191219_FM1-2_consensus_vsearch	973	T	*/-C	152	16	9.36%	2	1	93	93	1.0491817522168426E-5	1	1	96	56	16	0	-C
C4_BC28.191219_FM1-2_consensus_vsearch	976	C	*/-A	164	7	4.05%	2	1	93	93	0.007338453432453804	1	1	107	57	7	0	-A
C4_BC28.191219_FM1-2_consensus_vsearch	1026	C	*/+G	142	13	7.69%	2	2	93	93	9.390991801609142E-5	1	1	99	43	9	4	+G
C4_BC28.191219_FM1-2_consensus_vsearch	1026	C	*/-G	142	9	5.33%	2	2	93	93	0.0017276400371805214	1	1	99	43	5	4	+G
C4_BC28.191219_FM1-2_consensus_vsearch	1029	G	*/-A	157	12	6.94%	2	1	93	93	1.9944912213477976E-4	1	1	99	58	12	0	-A
C4_BC28.191219_FM1-2_consensus_vsearch	1038	G	*/-A	150	9	5.56%	2	1	93	93	0.0017386339909437924	1	1	92	58	9	0	-A
C4_BC28.191219_FM1-2_consensus_vsearch	1041	A	*/-T	157	11	6.43%	2	2	93	93	4.1235800097779135E-4	1	1	100	57	10	1	-T
C4_BC28.191219_FM1-2_consensus_vsearch	1043	T	*/-A	148	7	4.05%	2	1	93	93	0.00729017238491925	1	1	98	50	7	0	-A
C4_BC28.191219_FM1-2_consensus_vsearch	1044	A	*/+G	113	7	4.24%	2	1	93	93	0.007140466550292846	1	1	66	47	0	7	+G
C4_BC28.191219_FM1-2_consensus_vsearch	1044	A	*/-G	113	33	20%	2	1	93	93	1.5136942758521563E-11	1	1	66	47	33	0	-G
C4_BC28.191219_FM1-2_consensus_vsearch	1052	T	*/-G	158	11	6.36%	2	2	93	93	4.127839426459288E-4	1	1	113	45	1	10	-G
C4_BC28.191219_FM1-2_consensus_vsearch	1056	C	*/-T	164	8	4.65%	2	1	93	93	0.0035943445383436455	1	1	114	50	0	8	-T
C4_BC28.191219_FM1-2_consensus_vsearch	1059	T	*/+G	114	10	5.85%	2	2	93	93	8.086050083763477E-4	1	1	85	29	2	8	+G
C4_BC28.191219_FM1-2_consensus_vsearch	1059	T	*/-G	114	32	18.71%	2	2	93	93	3.4522851905397285E-11	1	1	85	29	19	13	-G
C4_BC28.191219_FM1-2_consensus_vsearch	1059	T	*/-GG	114	7	4.09%	2	2	93	93	0.007145924430384355	1	1	85	29	3	4	-G
C4_BC28.191219_FM1-2_consensus_vsearch	1064	G	*/+A	154	12	6.94%	2	1	93	93	1.9869530662687383E-4	1	1	97	57	12	0	+A
C4_BC28.191219_FM1-2_consensus_vsearch	1102	G	*/+A	160	9	5.2%	2	1	93	93	0.001750956793192828	1	1	103	57	9	0	+A
C4_BC28.191219_FM1-2_consensus_vsearch	1104	A	*/-G	155	8	4.68%	2	2	93	93	0.0035774772495738992	1	1	103	52	4	4	-G
C4_BC28.191219_FM1-2_consensus_vsearch	1106	G	*/+A	162	8	4.68%	2	1	93	93	0.0035907474640792065	1	1	104	58	8	0	+A
C4_BC28.191219_FM1-2_consensus_vsearch	1108	C	*/+A	163	8	4.65%	2	1	93	93	0.0035925563072326206	1	1	113	50	0	8	+A
C4_BC28.191219_FM1-2_consensus_vsearch	1119	G	*/-TG	158	11	6.43%	2	1	93	93	4.127839426459288E-4	1	1	113	45	0	11	-TG
C4_BC28.191219_FM1-2_consensus_vsearch	1132	C	*/-TT	116	48	27.75%	2	1	93	93	6.246762460750646E-17	1	1	61	55	48	0	-TT
C4_BC28.191219_FM1-2_consensus_vsearch	1149	C	*/+G	100	8	4.68%	2	1	93	93	0.0034152721929661327	1	1	55	45	8	0	+G
C4_BC28.191219_FM1-2_consensus_vsearch	1149	C	*/-G	100	58	33.92%	2	2	93	93	5.492543674948379E-21	1	1	55	45	45	13	-G
C4_BC28.191219_FM1-2_consensus_vsearch	1160	A	*/+C	153	7	4.12%	2	1	93	93	0.007306283766632104	1	1	96	57	7	0	+C
C4_BC28.191219_FM1-2_consensus_vsearch	1160	A	*/-C	153	10	5.88%	2	2	93	93	8.471160639973729E-4	1	1	96	57	9	1	-C
C4_BC28.191219_FM1-2_consensus_vsearch	1163	A	*/+G	152	11	6.36%	2	2	93	93	4.101542968089175E-4	1	1	99	53	10	1	+G
C4_BC28.191219_FM1-2_consensus_vsearch	1179	A	*/+G	151	10	5.88%	2	1	93	93	8.455751061324735E-4	1	1	112	39	0	10	+G
C4_BC28.191219_FM1-2_consensus_vsearch	1179	A	*/-G	151	9	5.29%	2	1	93	93	0.0017399333914630318	1	1	112	39	0	9	+G
C4_BC28.191219_FM1-2_consensus_vsearch	1244	C	*/+A	158	7	4.14%	2	1	93	93	0.007321431252717009	1	1	105	53	7	0	+A
C4_BC28.191219_FM1-2_consensus_vsearch	1246	T	*/-G	145	18	10.47%	2	2	93	93	2.3225097108378618E-6	1	1	103	42	6	12	-G
C4_BC28.191219_FM1-2_consensus_vsearch	1268	T	*/-C	162	9	5.2%	2	2	93	93	0.001753253527181243	1	1	108	54	7	2	-C
C4_BC28.191219_FM1-2_consensus_vsearch	1276	C	*/+A	161	8	4.65%	2	1	93	93	0.0035889176506417294	1	1	103	58	8	0	+A
C4_BC28.191219_FM1-2_consensus_vsearch	1277	G	*/-A	158	7	4.12%	2	1	93	93	0.007321431252717009	1	1	100	58	7	0	-A
C4_BC28.191219_FM1-2_consensus_vsearch	1290	A	*/-C	155	9	5.23%	2	2	93	93	0.0017449774351898418	1	1	102	53	7	2	-C
C4_BC28.191219_FM1-2_consensus_vsearch	1293	C	*/-A	150	8	4.62%	2	2	93	93	0.0035672943374071937	1	1	102	48	7	1	-A
C4_BC28.191219_FM1-2_consensus_vsearch	1309	T	*/-C	136	26	15.38%	2	2	93	93	5.009506240869737E-9	1	1	104	32	8	18	-C
C4_BC28.191219_FM1-2_consensus_vsearch	1312	C	*/-T	158	11	6.43%	2	1	93	93	4.127839426459288E-4	1	1	113	45	0	11	-T
C4_BC28.191219_FM1-2_consensus_vsearch	1317	G	*/-TG	158	7	4.09%	2	2	93	93	0.007321431252717009	1	1	103	55	6	1	-TG
C4_BC28.191219_FM1-2_consensus_vsearch	1320	C	*/-T	153	9	5.2%	2	2	93	93	0.001742485574678114	1	1	112	41	1	8	-T
C4_BC28.191219_FM1-2_consensus_vsearch	1320	C	*/-TT	153	8	4.62%	2	1	93	93	0.003573478353150084	1	1	112	41	0	8	-T
C4_BC28.191219_FM1-2_consensus_vsearch	1328	C	*/-T	151	10	5.78%	2	2	93	93	8.455751061324735E-4	1	1	113	38	1	9	-T
C4_BC28.191219_FM1-2_consensus_vsearch	1330	T	*/-C	162	7	4.07%	2	2	93	93	0.007332911989892741	1	1	111	51	1	6	-C
C4_BC28.191219_FM1-2_consensus_vsearch	1332	G	*/-AG	156	10	5.78%	2	1	93	93	8.493608057720887E-4	1	1	99	57	10	0	-AG
C4_BC28.191219_FM1-2_consensus_vsearch	1333	A	*/-G	141	11	6.92%	2	2	93	93	4.0482654336574796E-4	1	1	85	56	9	2	-G
C4_BC28.191219_FM1-2_consensus_vsearch	1337	C	*/-GGC	155	11	6.43%	2	1	93	93	4.1149157049812866E-4	1	1	101	54	11	0	-GGC
C4_BC28.191219_FM1-2_consensus_vsearch	1347	C	*/-T	156	7	4.12%	2	2	93	93	0.007315482324450346	1	1	110	46	2	5	-T
C4_BC28.191219_FM1-2_consensus_vsearch	1351	C	*/-GC	160	7	4.07%	2	1	93	93	0.007327239497639241	1	1	104	56	7	0	-GC
C4_BC28.191219_FM1-2_consensus_vsearch	1354	C	*/-T	157	7	4.09%	2	1	93	93	0.007318474691436204	1	1	100	57	7	0	-T
C4_BC28.191219_FM1-2_consensus_vsearch	1356	T	*/+A	128	7	4.12%	2	2	93	93	0.007213980437755528	1	1	85	43	6	1	+A
C4_BC28.191219_FM1-2_consensus_vsearch	1356	T	*/+G	128	7	4.12%	2	2	93	93	0.007213980437755528	1	1	85	43	2	5	+A
C4_BC28.191219_FM1-2_consensus_vsearch	1356	T	*/-G	128	8	4.71%	2	2	93	93	0.0035138207298285665	1	1	85	43	3	5	-G
C4_BC28.191219_FM1-2_consensus_vsearch	1374	T	*/-A	143	25	14.53%	2	2	93	93	1.1364698848341599E-8	1	1	88	55	24	1	-A
C4_BC28.191219_FM1-2_consensus_vsearch	1375	A	*/+G	134	10	6.8%	2	1	93	93	8.308324239539793E-4	1	1	80	54	10	0	+G
C4_BC28.191219_FM1-2_consensus_vsearch	1376	A	*/-G	141	15	8.72%	2	2	93	93	2.143924173357989E-5	1	1	90	51	12	3	-G
C4_BC28.191219_FM1-2_consensus_vsearch	1378	G	*/+A	152	14	8.24%	2	1	93	93	4.586264512871195E-5	1	1	97	55	14	0	+A
C4_BC28.191219_FM1-2_consensus_vsearch	1390	C	*/-T	148	9	5.45%	2	2	93	93	0.001735987137056536	1	1	99	49	8	1	-T
C4_BC28.191219_FM1-2_consensus_vsearch	1392	T	*/-G	155	7	4.14%	2	2	93	93	0.00731245349755727	1	1	103	52	4	3	-G
C4_BC28.191219_FM1-2_consensus_vsearch	1395	C	*/-A	153	11	6.43%	2	2	93	93	4.106051869833816E-4	1	1	107	46	3	8	-A
C4_BC28.191219_FM1-2_consensus_vsearch	1416	C	*/+T	161	9	5.2%	2	1	93	93	0.0017521117144003763	1	1	114	47	0	9	+T
C4_BC28.191219_FM1-2_consensus_vsearch	1424	T	*/-C	149	17	10%	2	2	93	93	4.956754716769552E-6	1	1	92	57	16	1	-C
C4_BC28.191219_FM1-2_consensus_vsearch	1435	A	*/+T	157	10	5.81%	2	1	93	93	8.500918789390323E-4	1	1	112	45	0	10	+T
C4_BC28.191219_FM1-2_consensus_vsearch	1438	C	*/-GCGC	150	10	5.78%	2	1	93	93	8.447908106466188E-4	1	1	99	51	10	0	-GCGC
C4_BC28.191219_FM1-2_consensus_vsearch	1440	C	*/-GC	108	39	24.38%	2	2	93	93	9.896613777661117E-14	1	1	68	40	28	11	-GC
C4_BC28.191219_FM1-2_consensus_vsearch	1474	T	*/-C	148	15	8.72%	2	1	93	93	2.178242337102013E-5	1	1	90	58	15	0	-C
C4_BC28.191219_FM1-2_consensus_vsearch	1474	T	*/-CC	148	8	4.65%	2	1	93	93	0.003563042451794981	1	1	90	58	8	0	-C
C4_BC28.191219_FM1-2_consensus_vsearch	1477	C	*/+G	150	7	4.05%	2	2	93	93	0.007296738417420601	1	1	105	45	5	2	+G
C4_BC28.191219_FM1-2_consensus_vsearch	1479	A	*/-G	148	16	9.58%	2	1	93	93	1.0391614819203167E-5	1	1	93	55	16	0	-G
C4_BC28.191219_FM1-2_consensus_vsearch	1480	G	*/-AG	140	9	5.73%	2	2	93	93	0.001724713384330166	1	1	84	56	7	2	-AG
C4_BC28.191219_FM1-2_consensus_vsearch	1483	G	*/+A	154	11	6.55%	2	1	93	93	4.110509155841592E-4	1	1	96	58	11	0	+A
C4_BC28.191219_FM1-2_consensus_vsearch	1488	G	*/+A	161	8	4.62%	2	1	93	93	0.0035889176506417294	1	1	103	58	8	0	+A
C4_BC28.191219_FM1-2_consensus_vsearch	1500	A	*/+G	155	7	4.09%	2	1	93	93	0.00731245349755727	1	1	99	56	7	0	+G
C4_BC28.191219_FM1-2_consensus_vsearch	1500	A	*/-G	155	7	4.09%	2	1	93	93	0.00731245349755727	1	1	99	56	7	0	+G
C4_BC28.191219_FM1-2_consensus_vsearch	1514	T	*/-G	128	35	20.83%	2	2	93	93	3.761878184999425E-12	1	1	82	46	28	7	-G
C4_BC28.191219_FM1-2_consensus_vsearch	1548	T	*/+G	146	11	6.4%	2	1	93	93	4.073353769821135E-4	1	1	92	54	11	0	+G
C4_BC28.191219_FM1-2_consensus_vsearch	1550	G	*/+A	155	12	6.94%	2	1	93	93	1.989493779285625E-4	1	1	100	55	12	0	+A
C4_BC28.191219_FM1-2_consensus_vsearch	1592	T	*/+C	43	117	67.63%	2	2	93	93	2.3972029335994083E-51	1	1	37	6	69	48	+C
C4_BC28.191219_FM1-2_consensus_vsearch	1592	T	*/+CC	43	7	4.05%	2	2	93	93	0.00623982637004859	1	1	37	6	6	1	+C
C4_BC28.191219_FM1-2_consensus_vsearch	1599	C	*/-T	140	27	15.61%	2	2	93	93	2.3759918702462757E-9	1	1	109	31	3	24	-T
C4_BC28.191219_FM1-2_consensus_vsearch	1608	C	*/-AC	145	24	13.95%	2	2	93	93	2.476259306040327E-8	1	1	92	53	20	4	-AC
C4_BC28.191219_FM1-2_consensus_vsearch	1625	T	*/-C	160	10	5.81%	2	2	93	93	8.522356073059357E-4	1	1	106	54	7	3	-C
C4_BC28.191219_FM1-2_consensus_vsearch	1645	A	*/-G	67	59	34.91%	2	2	93	93	2.1793073917210504E-22	1	1	35	32	41	18	-G
C4_BC28.191219_FM1-2_consensus_vsearch	1645	A	*/-GG	67	35	20.71%	2	2	93	93	8.486859436547178E-13	1	1	35	32	30	5	-G
C4_BC28.191219_FM1-2_consensus_vsearch	1652	A	*/-G	152	10	5.88%	2	2	93	93	8.463501362726399E-4	1	1	106	46	2	8	-G
C4_BC28.191219_FM1-2_consensus_vsearch	1657	C	*/-T	156	14	8.14%	2	1	93	93	4.6185121202312E-5	1	1	113	43	0	14	-T
C4_BC28.191219_FM1-2_consensus_vsearch	1666	C	*/-GC	130	37	22.02%	2	2	93	93	7.712652845890033E-13	1	1	81	49	29	8	-GC
C4_BC28.191219_FM1-2_consensus_vsearch	1684	G	*/-A	161	10	5.81%	2	1	93	93	8.529341483590452E-4	1	1	104	57	10	0	-A
C4_BC28.191219_FM1-2_consensus_vsearch	1688	C	*/+A	145	7	4.22%	2	1	93	93	0.0072800038812266725	1	1	96	49	7	0	+A
C4_BC28.191219_FM1-2_consensus_vsearch	1688	C	*/-G	145	8	4.82%	2	2	93	93	0.003556460912469871	1	1	96	49	4	4	-G
C4_BC28.191219_FM1-2_consensus_vsearch	1691	G	*/+A	145	14	8.09%	2	1	93	93	4.526356560009456E-5	1	1	87	58	14	0	+A
C4_BC28.191219_FM1-2_consensus_vsearch	1700	C	*/-T	156	8	4.65%	2	2	93	93	0.0035794408926960136	1	1	106	50	3	5	-T
C4_BC28.191219_FM1-2_consensus_vsearch	1714	A	*/+T	155	13	7.6%	2	1	93	93	9.591141652373468E-5	1	1	98	57	13	0	+T
C4_BC28.191219_FM1-2_consensus_vsearch	1717	T	*/+A	154	11	6.4%	2	1	93	93	4.110509155841592E-4	1	1	96	58	11	0	+A
C4_BC28.191219_FM1-2_consensus_vsearch	1722	G	*/+A	157	9	5.23%	2	1	93	93	0.0017474110844853488	1	1	99	58	9	0	+A
C4_BC28.191219_FM1-2_consensus_vsearch	1729	A	*/+G	161	7	4.12%	2	1	93	93	0.007330092413737525	1	1	107	54	7	0	+G
C4_BC28.191219_FM1-2_consensus_vsearch	1738	C	*/+A	149	11	6.43%	2	1	93	93	4.0876974708722375E-4	1	1	96	53	11	0	+A
C4_BC28.191219_FM1-2_consensus_vsearch	1807	T	*/+C	151	10	5.95%	2	1	93	93	8.455751061324735E-4	1	1	98	53	10	0	+C
C4_BC28.191219_FM1-2_consensus_vsearch	1808	C	*/-G	149	7	4.07%	2	2	93	93	0.007293476159710952	1	1	108	41	2	5	-G
C4_BC28.191219_FM1-2_consensus_vsearch	1808	C	*/-GG	149	10	5.81%	2	1	93	93	8.439970829824387E-4	1	1	108	41	0	10	-GG
C4_BC28.191219_FM1-2_consensus_vsearch	1816	T	*/-A	161	7	4.05%	2	2	93	93	0.007330092413737525	1	1	107	54	5	2	-A
C4_BC28.191219_FM1-2_consensus_vsearch	1836	T	*/-A	162	7	4.05%	2	2	93	93	0.007332911989892741	1	1	109	53	4	3	-A
C4_BC28.191219_FM1-2_consensus_vsearch	1841	G	*/-A	159	12	6.98%	2	1	93	93	1.9993797238853733E-4	1	1	101	58	12	0	-A
C4_BC28.191219_FM1-2_consensus_vsearch	1842	A	*/-C	82	49	30.63%	2	2	93	93	6.8604975151896795E-18	1	1	67	15	7	42	-C
C4_BC28.191219_FM1-2_consensus_vsearch	1854	G	*/-A	160	9	5.2%	2	1	93	93	0.001750956793192828	1	1	102	58	9	0	-A
C4_BC28.191219_FM1-2_consensus_vsearch	1855	A	*/-G	127	30	18.52%	2	1	93	93	2.0131307355642169E-10	1	1	71	56	30	0	-G
C4_BC28.191219_FM1-2_consensus_vsearch	1887	T	*/-C	159	11	6.36%	2	2	93	93	4.132051429361587E-4	1	1	108	51	5	6	-C
C4_BC28.191219_FM1-2_consensus_vsearch	1896	C	*/-AC	159	9	5.2%	2	2	93	93	0.0017497885367513443	1	1	104	55	8	1	-AC
C4_BC28.191219_FM1-2_consensus_vsearch	1966	T	*/-C	136	31	17.92%	2	2	93	93	1.003585123283319E-10	1	1	85	51	25	6	-C
C4_BC28.191219_FM1-2_consensus_vsearch	1969	C	*/-T	158	7	4.05%	2	2	93	93	0.007321431252717009	1	1	110	48	3	4	-T
C4_BC28.191219_FM1-2_consensus_vsearch	1974	C	*/-AC	143	27	15.61%	2	1	93	93	2.428663092560871E-9	1	1	87	56	27	0	-AC
C4_BC28.191219_FM1-2_consensus_vsearch	1998	C	*/-A	161	7	4.05%	2	2	93	93	0.007330092413737525	1	1	110	51	3	4	-A
C4_BC28.191219_FM1-2_consensus_vsearch	2017	G	*/-TG	159	9	5.2%	2	2	93	93	0.0017497885367513443	1	1	111	48	1	8	-TG
C4_BC28.191219_FM1-2_consensus_vsearch	2035	A	*/-CT	154	10	5.92%	2	1	93	93	8.478730484464233E-4	1	1	98	56	10	0	-CT
C4_BC28.191219_FM1-2_consensus_vsearch	2077	G	*/+C	125	10	5.85%	2	2	93	93	8.216023047619768E-4	1	1	70	55	8	2	+C
C4_BC28.191219_FM1-2_consensus_vsearch	2077	G	*/-C	125	32	18.71%	2	1	93	93	4.0081269634327325E-11	1	1	70	55	32	0	-C
C4_BC28.191219_FM1-2_consensus_vsearch	2098	G	*/-C	131	17	9.94%	2	2	93	93	4.688647251455696E-6	1	1	84	47	9	8	-C
C4_BC28.191219_FM1-2_consensus_vsearch	2098	G	*/-CC	131	15	8.77%	2	2	93	93	2.090009154893349E-5	1	1	84	47	13	2	-C
C4_BC28.191219_FM1-2_consensus_vsearch	2102	C	*/-T	138	18	10.4%	2	2	93	93	2.268303658938995E-6	1	1	96	42	3	15	-T
C4_BC28.191219_FM1-2_consensus_vsearch	2102	C	*/-TT	138	12	6.94%	2	1	93	93	1.9420515014914618E-4	1	1	96	42	12	0	-T
C4_BC28.191219_FM1-2_consensus_vsearch	2120	T	*/-C	155	9	5.26%	2	2	93	93	0.0017449774351898418	1	1	107	48	2	7	-C
C4_BC28.191219_FM1-2_consensus_vsearch	2124	T	*/+C	160	7	4.07%	2	1	93	93	0.007327239497639241	1	1	102	58	7	0	+C
C4_BC28.191219_FM1-2_consensus_vsearch	2125	C	*/+A	126	10	5.85%	2	1	93	93	8.226850700552499E-4	1	1	83	43	10	0	+A
C4_BC28.191219_FM1-2_consensus_vsearch	2125	C	*/-G	126	19	11.11%	2	2	93	93	1.0155131771551295E-6	1	1	83	43	12	7	-G
C4_BC28.191219_FM1-2_consensus_vsearch	2125	C	*/-GG	126	12	7.02%	2	2	93	93	1.9021202059319294E-4	1	1	83	43	5	7	-G
C4_BC28.191219_FM1-2_consensus_vsearch	2128	G	*/-A	152	7	4.07%	2	1	93	93	0.00730314147206752	1	1	95	57	7	0	-A
C4_BC28.191219_FM1-2_consensus_vsearch	2135	T	*/-C	154	15	8.67%	2	2	93	93	2.2056779764362428E-5	1	1	111	43	2	13	-C
C4_BC28.191219_FM1-2_consensus_vsearch	2137	C	*/-T	155	11	6.36%	2	1	93	93	4.1149157049812866E-4	1	1	113	42	0	11	-T
C4_BC28.191219_FM1-2_consensus_vsearch	2143	G	*/-A	153	7	4.12%	2	2	93	93	0.007306283766632104	1	1	97	56	6	1	-A
C4_BC28.191219_FM1-2_consensus_vsearch	2152	G	*/-A	159	11	6.4%	2	1	93	93	4.132051429361587E-4	1	1	101	58	11	0	-A
C4_BC28.191219_FM1-2_consensus_vsearch	2156	T	*/+C	157	10	5.78%	2	1	93	93	8.500918789390323E-4	1	1	102	55	10	0	+C
C4_BC28.191219_FM1-2_consensus_vsearch	2157	C	*/-G	131	29	17.16%	2	2	93	93	4.6161644577249357E-10	1	1	88	43	17	12	-G
C4_BC28.191219_FM1-2_consensus_vsearch	2159	G	*/-A	157	8	4.71%	2	1	93	93	0.0035813812319797343	1	1	99	58	8	0	-A
C4_BC28.191219_FM1-2_consensus_vsearch	2162	T	*/+C	151	14	8.09%	2	2	93	93	4.577984250377552E-5	1	1	97	54	12	2	+C
C4_BC28.191219_FM1-2_consensus_vsearch	2170	C	*/+A	157	10	5.95%	2	1	93	93	8.500918789390323E-4	1	1	99	58	10	0	+A
C4_BC28.191219_FM1-2_consensus_vsearch	2174	T	*/-G	161	11	6.36%	2	1	93	93	4.1403363178339287E-4	1	1	115	46	0	11	-G
C4_BC28.191219_FM1-2_consensus_vsearch	2186	T	*/-C	158	8	4.76%	2	1	93	93	0.0035832986795768713	1	1	113	45	0	8	-C
C4_BC28.191219_FM1-2_consensus_vsearch	2187	C	*/-TC	153	7	4.32%	2	2	93	93	0.007306283766632104	1	1	109	44	5	2	-TC
C4_BC28.191219_FM1-2_consensus_vsearch	2188	T	*/+C	147	11	6.67%	2	1	93	93	4.0781920045140403E-4	1	1	94	53	11	0	+C
C4_BC28.191219_FM1-2_consensus_vsearch	2236	T	*/-G	160	9	5.26%	2	2	93	93	0.001750956793192828	1	1	109	51	6	3	-G
C4_BC28.191219_FM1-2_consensus_vsearch	2238	G	*/-A	162	7	4.05%	2	1	93	93	0.007332911989892741	1	1	105	57	7	0	-A
C4_BC28.191219_FM1-2_consensus_vsearch	2241	T	*/-C	155	15	8.67%	2	2	93	93	2.210085554466122E-5	1	1	103	52	10	5	-C
C4_BC28.191219_FM1-2_consensus_vsearch	2244	C	*/-T	154	12	6.94%	2	2	93	93	1.9869530662687383E-4	1	1	109	45	2	10	-T
C4_BC28.191219_FM1-2_consensus_vsearch	2253	C	*/-G	160	7	4.05%	2	1	93	93	0.007327239497639241	1	1	104	56	7	0	-G
C4_BC28.191219_FM1-2_consensus_vsearch	2255	A	*/-G	156	8	4.68%	2	1	93	93	0.0035794408926960136	1	1	98	58	8	0	-G
C4_BC28.191219_FM1-2_consensus_vsearch	2260	C	*/-GC	77	14	8.28%	2	2	93	93	3.5545622311058336E-5	1	1	46	31	8	6	-GC
C4_BC28.191219_FM1-2_consensus_vsearch	2280	T	*/-C	161	9	5.2%	2	1	93	93	0.0017521117144003763	1	1	112	49	0	9	-C
C4_BC28.191219_FM1-2_consensus_vsearch	2286	C	*/-A	153	15	8.88%	2	1	93	93	2.2012244605339464E-5	1	1	96	57	15	0	-A
C4_BC28.191219_FM1-2_consensus_vsearch	2289	C	*/-A	158	10	5.81%	2	2	93	93	8.508146096123988E-4	1	1	106	52	8	2	-A
C4_BC28.191219_FM1-2_consensus_vsearch	2305	T	*/-G	147	20	11.9%	2	1	93	93	5.210274799283336E-7	1	1	112	35	0	20	-G
C4_BC28.191219_FM1-2_consensus_vsearch	2320	C	*/+A	155	8	4.76%	2	2	93	93	0.0035774772495738992	1	1	105	50	1	7	+A
C4_BC28.191219_FM1-2_consensus_vsearch	2323	C	*/-GC	153	7	4.09%	2	1	93	93	0.007306283766632104	1	1	96	57	7	0	-GC
C4_BC28.191219_FM1-2_consensus_vsearch	2336	T	*/+G	144	7	4.07%	2	2	93	93	0.007276525855895998	1	1	105	39	4	3	+G
C4_BC28.191219_FM1-2_consensus_vsearch	2336	T	*/-G	144	12	6.98%	2	2	93	93	1.9598880020524895E-4	1	1	105	39	4	8	-G
C4_BC28.191219_FM1-2_consensus_vsearch	2336	T	*/-GG	144	7	4.07%	2	2	93	93	0.007276525855895998	1	1	105	39	2	5	-G
C4_BC28.191219_FM1-2_consensus_vsearch	2342	A	*/+G	147	13	7.69%	2	1	93	93	9.47147318829823E-5	1	1	107	40	0	13	+G
C4_BC28.191219_FM1-2_consensus_vsearch	2346	C	*/+A	161	7	4.05%	2	1	93	93	0.007330092413737525	1	1	110	51	0	7	+A
C4_BC28.191219_FM1-2_consensus_vsearch	2348	A	*/-C	150	9	5.26%	2	2	93	93	0.0017386339909437924	1	1	95	55	6	3	-C
C4_BC28.191219_FM1-2_consensus_vsearch	2379	A	*/-G	159	8	4.65%	2	1	93	93	0.0035851936379921044	1	1	101	58	8	0	-G
C4_BC28.191219_FM1-2_consensus_vsearch	2381	G	*/+A	132	7	4.12%	2	1	93	93	0.007230945949356827	1	1	79	53	7	0	+A
C4_BC28.191219_FM1-2_consensus_vsearch	2381	G	*/-A	132	24	14.12%	2	2	93	93	2.2874063964742823E-8	1	1	79	53	20	4	-A
C4_BC28.191219_FM1-2_consensus_vsearch	2386	G	*/-A	154	7	4.24%	2	2	93	93	0.007309387540537701	1	1	100	54	4	3	-A
C4_BC28.191219_FM1-2_consensus_vsearch	2393	A	*/-C	153	9	5.23%	2	1	93	93	0.001742485574678114	1	1	97	56	9	0	-C
C4_BC28.191219_FM1-2_consensus_vsearch	2396	A	*/-G	157	9	5.29%	2	2	93	93	0.0017474110844853488	1	1	109	48	1	8	-G
C4_BC28.191219_FM1-2_consensus_vsearch	2398	G	*/-A	162	8	4.65%	2	1	93	93	0.0035907474640792065	1	1	106	56	8	0	-A
C4_BC28.191219_FM1-2_consensus_vsearch	2401	T	*/+C	83	10	5.81%	2	2	93	93	7.566950955283912E-4	1	1	66	17	7	3	+C
C4_BC28.191219_FM1-2_consensus_vsearch	2401	T	*/-C	83	69	40.12%	2	2	93	93	6.90937592723727E-26	1	1	66	17	34	35	-C
C4_BC28.191219_FM1-2_consensus_vsearch	2401	T	*/-CC	83	8	4.65%	2	2	93	93	0.0033270016180662106	1	1	66	17	7	1	-C
C4_BC28.191219_FM1-2_consensus_vsearch	2415	C	*/-G	148	18	10.53%	2	2	93	93	2.3446236596762863E-6	1	1	93	55	16	2	-G
C4_BC28.191219_FM1-2_consensus_vsearch	2423	G	*/-CG	155	9	5.23%	2	1	93	93	0.0017449774351898418	1	1	111	44	0	9	-CG
C4_BC28.191219_FM1-2_consensus_vsearch	2424	C	*/-G	143	9	5.66%	2	1	93	93	0.0017290754509058635	1	1	113	30	0	9	-G
C4_BC28.191219_FM1-2_consensus_vsearch	2441	G	*/-TG	144	23	13.37%	2	2	93	93	5.287741825268569E-8	1	1	94	50	17	6	-TG
C4_BC28.191219_FM1-2_consensus_vsearch	2453	T	*/-G	136	18	10.47%	2	2	93	93	2.252106455532044E-6	1	1	97	39	5	13	-G
C4_BC28.191219_FM1-2_consensus_vsearch	2461	A	*/-C	158	7	4.07%	2	1	93	93	0.007321431252717009	1	1	101	57	7	0	-C
C4_BC28.191219_FM1-2_consensus_vsearch	2468	T	*/-C	154	17	9.83%	2	1	93	93	5.022921714695264E-6	1	1	97	57	17	0	-C
C4_BC28.191219_FM1-2_consensus_vsearch	2493	C	*/+T	161	7	4.07%	2	1	93	93	0.007330092413737525	1	1	114	47	0	7	+T
C4_BC28.191219_FM1-2_consensus_vsearch	2520	T	*/-C	159	9	5.26%	2	1	93	93	0.0017497885367513443	1	1	102	57	9	0	-C
C4_BC28.191219_FM1-2_consensus_vsearch	2542	G	*/-AG	159	10	5.85%	2	1	93	93	8.515291395461669E-4	1	1	101	58	10	0	-AG
C4_BC28.191219_FM1-2_consensus_vsearch	2543	A	*/-G	124	36	22.36%	2	2	93	93	1.5801771321599207E-12	1	1	70	54	32	4	-G
C4_BC28.191219_FM1-2_consensus_vsearch	2551	A	*/-G	144	16	9.41%	2	1	93	93	1.0287174000015852E-5	1	1	86	58	16	0	-G
C4_BC28.191219_FM1-2_consensus_vsearch	2553	T	*/+C	158	7	4.05%	2	2	93	93	0.007321431252717009	1	1	101	57	6	1	+C
C4_BC28.191219_FM1-2_consensus_vsearch	2580	C	*/-A	142	29	16.76%	2	1	93	93	5.092358097305931E-10	1	1	114	28	0	29	-A
C4_BC28.191219_FM1-2_consensus_vsearch	2583	T	*/+C	137	12	7.06%	2	1	93	93	1.93895008358888E-4	1	1	110	27	0	12	+C
C4_BC28.191219_FM1-2_consensus_vsearch	2592	C	*/-T	160	9	5.2%	2	1	93	93	0.001750956793192828	1	1	115	45	0	9	-T
C4_BC28.191219_FM1-2_consensus_vsearch	2608	G	*/+T	145	19	11.05%	2	1	93	93	1.0973325697996261E-6	1	1	89	56	19	0	+T
C4_BC28.191219_FM1-2_consensus_vsearch	2608	G	*/-T	145	8	4.65%	2	2	93	93	0.003556460912469871	1	1	89	56	6	2	+T
C4_BC28.191219_FM1-2_consensus_vsearch	2629	T	*/-G	152	9	5.33%	2	2	93	93	0.0017412171593368057	1	1	107	45	5	4	-G
C4_BC28.191219_FM1-2_consensus_vsearch	2646	C	*/-T	161	7	4.17%	2	2	93	93	0.007330092413737525	1	1	110	51	3	4	-T
C4_BC28.191219_FM1-2_consensus_vsearch	2647	T	*/-A	149	10	6.17%	2	2	93	93	8.439970829824387E-4	1	1	100	49	9	1	-A
C4_BC28.191219_FM1-2_consensus_vsearch	2692	A	*/+G	64	84	49.12%	2	2	93	93	2.473785445065263E-33	1	1	53	11	41	43	+G
C4_BC28.191219_FM1-2_consensus_vsearch	2692	A	*/+GG	64	8	4.68%	2	2	93	93	0.003181489596333542	1	1	53	11	6	2	+G
C4_BC28.191219_FM1-2_consensus_vsearch	2692	A	*/-G	64	10	5.85%	2	2	93	93	7.054802053515234E-4	1	1	53	11	9	1	-G
C4_BC28.191219_FM1-2_consensus_vsearch	2694	G	*/-A	157	12	6.98%	2	1	93	93	1.9944912213477976E-4	1	1	102	55	12	0	-A
C4_BC28.191219_FM1-2_consensus_vsearch	2701	G	*/+A	139	13	7.56%	2	2	93	93	9.340403906257766E-5	1	1	101	38	1	12	+A
C4_BC28.191219_FM1-2_consensus_vsearch	2701	G	*/-A	139	14	8.14%	2	2	93	93	4.4711441649629465E-5	1	1	101	38	7	7	-A
C4_BC28.191219_FM1-2_consensus_vsearch	2707	C	*/+A	162	7	4.09%	2	1	93	93	0.007332911989892741	1	1	114	48	0	7	+A
C4_BC28.191219_FM1-2_consensus_vsearch	2714	G	*/-A	114	46	26.74%	2	2	93	93	3.2176655215028793E-16	1	1	99	15	12	34	-A
C4_BC28.191219_FM1-2_consensus_vsearch	2737	G	*/-AAA	144	8	4.91%	2	1	93	93	0.003554210649086613	1	1	89	55	8	0	-AAA
C4_BC28.191219_FM1-2_consensus_vsearch	2746	T	*/-C	154	16	9.25%	2	2	93	93	1.0540408028986962E-5	1	1	98	56	15	1	-C
C4_BC28.191219_FM1-2_consensus_vsearch	2762	T	*/+C	159	7	4.05%	2	1	93	93	0.007324352646937745	1	1	105	54	7	0	+C
C4_BC28.191219_FM1-2_consensus_vsearch	2770	T	*/-G	162	7	4.07%	2	2	93	93	0.007332911989892741	1	1	108	54	4	3	-G
C4_BC28.191219_FM1-2_consensus_vsearch	2777	C	*/-T	147	18	10.53%	2	2	93	93	2.3373236979351213E-6	1	1	112	35	2	16	-T
C4_BC28.191219_FM1-2_consensus_vsearch	2785	G	*/-TG	159	10	5.78%	2	2	93	93	8.515291395461669E-4	1	1	112	47	1	9	-TG
C4_BC28.191219_FM1-2_consensus_vsearch	2788	C	*/-T	142	11	6.4%	2	2	93	93	4.0534063849111915E-4	1	1	97	45	6	5	-T
C4_BC28.191219_FM1-2_consensus_vsearch	2788	C	*/-TT	142	11	6.4%	2	1	93	93	4.0534063849111915E-4	1	1	97	45	11	0	-T
C4_BC28.191219_FM1-2_consensus_vsearch	2803	T	*/-G	148	15	8.72%	2	2	93	93	2.178242337102013E-5	1	1	104	44	2	13	-G
C4_BC28.191219_FM1-2_consensus_vsearch	2805	G	*/-A	161	11	6.36%	2	1	93	93	4.1403363178339287E-4	1	1	103	58	11	0	-A
C4_BC28.191219_FM1-2_consensus_vsearch	2811	G	*/-C	154	7	4.05%	2	1	93	93	0.007309387540537701	1	1	96	58	7	0	-C
C4_BC28.191219_FM1-2_consensus_vsearch	2817	G	*/-CG	163	7	4.05%	2	2	93	93	0.007335698806984051	1	1	113	50	1	6	-CG
C4_BC28.191219_FM1-2_consensus_vsearch	2820	G	*/+A	159	9	5.26%	2	1	93	93	0.0017497885367513443	1	1	104	55	9	0	+A
C4_BC28.191219_FM1-2_consensus_vsearch	2829	T	*/-G	155	7	4.05%	2	2	93	93	0.00731245349755727	1	1	112	43	2	5	-G
C4_BC28.191219_FM1-2_consensus_vsearch	2829	T	*/-GG	155	9	5.2%	2	1	93	93	0.0017449774351898418	1	1	112	43	0	9	-GG
C4_BC28.191219_FM1-2_consensus_vsearch	2838	A	*/+G	154	10	5.85%	2	1	93	93	8.478730484464233E-4	1	1	109	45	0	10	+G
C4_BC28.191219_FM1-2_consensus_vsearch	2843	C	*/-GC	160	11	6.36%	2	2	93	93	4.136216803787874E-4	1	1	111	49	4	7	-GC
C4_BC28.191219_FM1-2_consensus_vsearch	2849	T	*/-G	165	7	4.07%	2	2	93	93	0.007341176420737498	1	1	112	53	3	4	-G
C4_BC28.191219_FM1-2_consensus_vsearch	2855	T	*/+C	155	7	4.07%	2	1	93	93	0.00731245349755727	1	1	103	52	7	0	+C
C4_BC28.191219_FM1-2_consensus_vsearch	2865	T	*/+C	162	7	4.05%	2	1	93	93	0.007332911989892741	1	1	107	55	7	0	+C
C4_BC28.191219_FM1-2_consensus_vsearch	2940	G	*/-C	146	13	7.78%	2	1	93	93	9.455744868508154E-5	1	1	93	53	13	0	-C
C4_BC28.191219_FM1-2_consensus_vsearch	2960	C	*/-A	144	16	9.25%	2	2	93	93	1.0287174000015852E-5	1	1	97	47	13	3	-A
C4_BC28.191219_FM1-2_consensus_vsearch	2964	G	*/-A	149	7	4.17%	2	1	93	93	0.007293476159710952	1	1	91	58	7	0	-A
C4_BC28.191219_FM1-2_consensus_vsearch	2986	G	*/-A	157	9	5.33%	2	1	93	93	0.0017474110844853488	1	1	99	58	9	0	-A
C4_BC28.191219_FM1-2_consensus_vsearch	2988	A	*/-G	103	60	34.88%	2	2	93	93	1.0698576736859516E-21	1	1	64	39	42	18	-G
C4_BC28.191219_FM1-2_consensus_vsearch	2991	G	*/-AAT	143	22	12.79%	2	1	93	93	1.1268974364508446E-7	1	1	86	57	22	0	-AAT
C4_BC28.191219_FM1-2_consensus_vsearch	3002	T	*/-G	151	10	5.88%	2	1	93	93	8.455751061324735E-4	1	1	114	37	0	10	-G
C4_BC28.191219_FM1-2_consensus_vsearch	3016	A	*/-C	159	7	4.07%	2	1	93	93	0.007324352646937745	1	1	101	58	7	0	-C
C4_BC28.191219_FM1-2_consensus_vsearch	3025	T	*/+G	135	10	5.78%	2	2	93	93	8.31790708179897E-4	1	1	85	50	6	4	+G
C4_BC28.191219_FM1-2_consensus_vsearch	3025	T	*/-G	135	19	10.98%	2	2	93	93	1.056160268801748E-6	1	1	85	50	16	3	-G
C4_BC28.191219_FM1-2_consensus_vsearch	3036	C	*/-T	153	10	5.81%	2	1	93	93	8.471160639973729E-4	1	1	109	44	0	10	-T
C4_BC28.191219_FM1-2_consensus_vsearch	3043	C	*/+G	149	14	8.33%	2	1	93	93	4.5611517394377126E-5	1	1	92	57	14	0	+G
C4_BC28.191219_FM1-2_consensus_vsearch	3044	A	*/-G	144	20	11.76%	2	1	93	93	5.149295230449355E-7	1	1	88	56	20	0	-G
C4_BC28.191219_FM1-2_consensus_vsearch	3048	A	*/-C	154	14	8.14%	2	2	93	93	4.602560235661552E-5	1	1	100	54	12	2	-C
C4_BC28.191219_FM1-2_consensus_vsearch	3054	A	*/-C	157	15	8.67%	2	1	93	93	2.21876567821685E-5	1	1	99	58	15	0	-C
C4_BC28.191219_FM1-2_consensus_vsearch	3068	A	*/-G	149	13	7.88%	2	1	93	93	9.502399457163291E-5	1	1	91	58	13	0	-G
C4_BC28.191219_FM1-2_consensus_vsearch	3071	T	*/+A	160	11	6.36%	2	1	93	93	4.136216803787874E-4	1	1	102	58	11	0	+A
C4_BC28.191219_FM1-2_consensus_vsearch	3093	G	*/-A	153	18	10.4%	2	1	93	93	2.380092135578291E-6	1	1	96	57	18	0	-A
C4_BC28.191219_FM1-2_consensus_vsearch	3117	T	*/+A	117	19	11.11%	2	1	93	93	9.709900597821508E-7	1	1	69	48	19	0	+A
C4_BC28.191219_FM1-2_consensus_vsearch	3117	T	*/-A	117	24	14.04%	2	1	93	93	2.0461895586119328E-8	1	1	69	48	24	0	-A
C4_BC28.191219_FM1-2_consensus_vsearch	3119	A	*/-G	160	8	4.65%	2	2	93	93	0.003587066500341587	1	1	104	56	7	1	-G
C4_BC28.191219_FM1-2_consensus_vsearch	3120	G	*/+A	148	10	6.1%	2	1	93	93	8.43193752284248E-4	1	1	92	56	10	0	+A
C4_BC28.191219_FM1-2_consensus_vsearch	3166	G	*/-TG	154	9	5.26%	2	1	93	93	0.0017437389109563706	1	1	105	49	0	9	-TG
C4_BC28.191219_FM1-2_consensus_vsearch	3169	C	*/-A	158	10	5.81%	2	2	93	93	8.508146096123988E-4	1	1	109	49	1	9	-A
C4_BC28.191219_FM1-2_consensus_vsearch	3194	A	*/-G	137	22	12.87%	2	2	93	93	1.0931754406029942E-7	1	1	94	43	10	12	-G
C4_BC28.191219_FM1-2_consensus_vsearch	3200	G	*/+A	135	13	7.56%	2	2	93	93	9.270076455967652E-5	1	1	79	56	12	1	+A
C4_BC28.191219_FM1-2_consensus_vsearch	3200	G	*/-A	135	20	11.63%	2	2	93	93	4.956091876252266E-7	1	1	79	56	19	1	-A
C4_BC28.191219_FM1-2_consensus_vsearch	3204	G	*/+A	153	7	4.32%	2	1	93	93	0.007306283766632104	1	1	95	58	7	0	+A
C4_BC28.191219_FM1-2_consensus_vsearch	3205	A	*/+C	154	7	4.22%	2	1	93	93	0.007309387540537701	1	1	96	58	7	0	+C
C4_BC28.191219_FM1-2_consensus_vsearch	3231	T	*/-C	125	40	23.12%	2	2	93	93	6.153076762704041E-14	1	1	89	36	24	16	-C
C4_BC28.191219_FM1-2_consensus_vsearch	3233	C	*/+A	159	7	4.14%	2	1	93	93	0.007324352646937745	1	1	108	51	7	0	+A
C4_BC28.191219_FM1-2_consensus_vsearch	3235	T	*/-C	118	51	29.82%	2	1	93	93	5.145733675408141E-18	1	1	62	56	51	0	-C
C4_BC28.191219_FM1-2_consensus_vsearch	3237	C	*/-GA	158	9	5.2%	2	1	93	93	0.0017486067130074762	1	1	104	54	9	0	-GA
C4_BC28.191219_FM1-2_consensus_vsearch	3244	T	*/-C	121	40	23.12%	2	2	93	93	5.698395602202974E-14	1	1	95	26	16	24	-C
C4_BC28.191219_FM1-2_consensus_vsearch	3263	T	*/-C	146	21	12.21%	2	2	93	93	2.4392050811940816E-7	1	1	93	53	18	3	-C
C4_BC28.191219_FM1-2_consensus_vsearch	3271	A	*/-G	158	9	5.2%	2	1	93	93	0.0017486067130074762	1	1	101	57	9	0	-G
C4_BC28.191219_FM1-2_consensus_vsearch	3304	A	*/-G	154	8	4.65%	2	1	93	93	0.0035754898805095913	1	1	112	42	0	8	-G
C4_BC28.191219_FM1-2_consensus_vsearch	3311	T	*/+C	154	11	6.47%	2	1	93	93	4.110509155841592E-4	1	1	100	54	11	0	+C
C4_BC28.191219_FM1-2_consensus_vsearch	3340	C	*/-A	159	8	4.76%	2	1	93	93	0.0035851936379921044	1	1	111	48	0	8	-A
C4_BC28.191219_FM1-2_consensus_vsearch	3344	C	*/-T	155	17	9.83%	2	1	93	93	5.0357707197392975E-6	1	1	114	41	0	17	-T
C4_BC28.191219_FM1-2_consensus_vsearch	3345	T	*/-C	146	9	5.77%	2	1	93	93	0.0017332742159673858	1	1	105	41	9	0	-C
C4_BC28.191219_FM1-2_consensus_vsearch	3347	C	*/-GA	140	13	7.51%	2	1	93	93	9.35746600239174E-5	1	1	89	51	13	0	-GA
C4_BC28.191219_FM1-2_consensus_vsearch	3348	G	*/-A	144	8	5.19%	2	2	93	93	0.003554210649086613	1	1	88	56	7	1	-A
C4_BC28.191219_FM1-2_consensus_vsearch	3361	T	*/-C	148	23	13.37%	2	1	93	93	5.3966573948801556E-8	1	1	91	57	23	0	-C
C4_BC28.191219_FM1-2_consensus_vsearch	3378	G	*/-TG	148	17	10.12%	2	1	93	93	4.943123766579635E-6	1	1	91	57	17	0	-TG
C4_BC28.191219_FM1-2_consensus_vsearch	3382	C	*/-AC	164	8	4.62%	2	1	93	93	0.0035943445383436455	1	1	107	57	8	0	-AC
C4_BC28.191219_FM1-2_consensus_vsearch	3391	C	*/+A	153	14	8.14%	2	2	93	93	4.594456039119025E-5	1	1	109	44	1	13	+A
C4_BC28.191219_FM1-2_consensus_vsearch	3399	A	*/-G	154	9	5.26%	2	2	93	93	0.0017437389109563706	1	1	106	48	4	5	-G
C4_BC28.191219_FM1-2_consensus_vsearch	3403	C	*/+A	150	17	9.88%	2	1	93	93	4.9702505854652535E-6	1	1	92	58	17	0	+A
C4_BC28.191219_FM1-2_consensus_vsearch	3416	G	*/-T	145	21	12.21%	2	2	93	93	2.428714521123207E-7	1	1	91	54	20	1	-T
C4_BC28.191219_FM1-2_consensus_vsearch	3420	T	*/-G	158	13	7.51%	2	1	93	93	9.633375033265575E-5	1	1	114	44	0	13	-G
C4_BC28.191219_FM1-2_consensus_vsearch	3441	C	*/+G	147	7	4.27%	2	2	93	93	0.007286826295699635	1	1	103	44	3	4	+G
C4_BC28.191219_FM1-2_consensus_vsearch	3463	T	*/-A	154	7	4.05%	2	2	93	93	0.007309387540537701	1	1	100	54	4	3	-A
C4_BC28.191219_FM1-2_consensus_vsearch	3469	G	*/-C	144	20	11.7%	2	1	93	93	5.149295230449355E-7	1	1	86	58	20	0	-C
C4_BC28.191219_FM1-2_consensus_vsearch	3479	A	*/-G	155	7	4.07%	2	2	93	93	0.00731245349755727	1	1	108	47	1	6	-G
C4_BC28.191219_FM1-2_consensus_vsearch	3493	T	*/+A	93	13	7.65%	2	2	93	93	8.254688391023547E-5	1	1	57	36	10	3	+A
C4_BC28.191219_FM1-2_consensus_vsearch	3493	T	*/-A	93	47	27.65%	2	2	93	93	6.722154976345381E-17	1	1	57	36	33	14	-A
C4_BC28.191219_FM1-2_consensus_vsearch	3530	G	*/-C	164	7	4.07%	2	2	93	93	0.007338453432453804	1	1	109	55	5	2	-C
C4_BC28.191219_FM1-2_consensus_vsearch	3534	T	*/-G	134	22	12.94%	2	2	93	93	1.0756791049746133E-7	1	1	89	45	16	6	-G
C4_BC28.191219_FM1-2_consensus_vsearch	3551	T	*/-A	159	8	4.65%	2	2	93	93	0.0035851936379921044	1	1	107	52	6	2	-A
C4_BC28.191219_FM1-2_consensus_vsearch	3553	A	*/-GA	155	11	6.4%	2	1	93	93	4.1149157049812866E-4	1	1	97	58	11	0	-GA
C4_BC28.191219_FM1-2_consensus_vsearch	3560	T	*/-GT	136	25	14.71%	2	2	93	93	1.0859533663098027E-8	1	1	105	31	3	22	-GT
C4_BC28.191219_FM1-2_consensus_vsearch	3568	C	*/-T	143	7	4.12%	2	1	93	93	0.007273002114564063	1	1	95	48	0	7	-T
C4_BC28.191219_FM1-2_consensus_vsearch	3568	C	*/-TT	143	16	9.41%	2	2	93	93	1.0260370524245005E-5	1	1	95	48	15	1	-TT
C4_BC28.191219_FM1-2_consensus_vsearch	3578	G	*/-A	161	7	4.09%	2	1	93	93	0.007330092413737525	1	1	103	58	7	0	-A
C4_BC28.191219_FM1-2_consensus_vsearch	3588	G	*/-C	150	18	10.4%	2	2	93	93	2.3590144569816855E-6	1	1	95	55	17	1	-C
C4_BC28.191219_FM1-2_consensus_vsearch	3593	G	*/-A	157	7	4.07%	2	2	93	93	0.007318474691436204	1	1	108	49	3	4	-A
C4_BC28.191219_FM1-2_consensus_vsearch	3637	T	*/-C	152	18	10.47%	2	2	93	93	2.373132801848004E-6	1	1	97	55	17	1	-C
C4_BC28.191219_FM1-2_consensus_vsearch	3654	G	*/-A	137	34	19.65%	2	2	93	93	9.411716164607674E-12	1	1	80	57	33	1	-A
C4_BC28.191219_FM1-2_consensus_vsearch	3658	A	*/-G	151	10	5.81%	2	2	93	93	8.455751061324735E-4	1	1	94	57	9	1	-G
C4_BC28.191219_FM1-2_consensus_vsearch	3660	G	*/+A	27	38	22.09%	2	2	93	93	1.4568650224416297E-15	1	1	22	5	24	14	+A
C4_BC28.191219_FM1-2_consensus_vsearch	3660	G	*/+AG	27	98	56.98%	2	2	93	93	7.013270947516336E-45	1	1	22	5	60	38	+AG
C4_BC28.191219_FM1-2_consensus_vsearch	3661	G	*/+A	157	8	4.65%	2	1	93	93	0.0035813812319797343	1	1	100	57	8	0	+A
C4_BC28.191219_FM1-2_consensus_vsearch	3662	G	*/+AG	148	11	6.4%	2	1	93	93	4.082972901442449E-4	1	1	97	51	11	0	+AG
C4_BC28.191219_FM1-2_consensus_vsearch	3662	G	*/-C	148	7	4.07%	2	1	93	93	0.00729017238491925	1	1	97	51	0	7	+AG
C4_BC28.191219_FM1-2_consensus_vsearch	3668	A	*/-G	151	11	6.59%	2	1	93	93	4.096981551383751E-4	1	1	94	57	11	0	-G
C4_BC28.191219_FM1-2_consensus_vsearch	3680	T	*/+G	158	10	5.85%	2	1	93	93	8.508146096123988E-4	1	1	112	46	0	10	+G
C4_BC28.191219_FM1-2_consensus_vsearch	3682	A	*/-GA	149	18	10.53%	2	1	93	93	2.3518535893363407E-6	1	1	93	56	18	0	-GA
C4_BC28.191219_FM1-2_consensus_vsearch	3709	G	*/-A	161	8	4.62%	2	1	93	93	0.0035889176506417294	1	1	106	55	8	0	-A
C4_BC28.191219_FM1-2_consensus_vsearch	3719	T	*/+G	146	15	8.98%	2	1	93	93	2.1687018047969763E-5	1	1	95	51	15	0	+G
C4_BC28.191219_FM1-2_consensus_vsearch	3743	C	*/-A	152	7	4.09%	2	2	93	93	0.00730314147206752	1	1	107	45	2	5	-A
C4_BC28.191219_FM1-2_consensus_vsearch	3780	G	*/+A	145	16	9.36%	2	1	93	93	1.0313695879487064E-5	1	1	90	55	16	0	+A
C4_BC28.191219_FM1-2_consensus_vsearch	3780	G	*/-A	145	8	4.68%	2	2	93	93	0.003556460912469871	1	1	90	55	7	1	+A
C4_BC28.191219_FM1-2_consensus_vsearch	3787	T	*/-C	142	31	17.92%	2	2	93	93	1.0641085465087355E-10	1	1	89	53	26	5	-C
C4_BC28.191219_FM1-2_consensus_vsearch	3789	C	*/-T	166	7	4.05%	2	2	93	93	0.007343868313612718	1	1	114	52	1	6	-T
C4_BC28.191219_FM1-2_consensus_vsearch	3822	T	*/-C	143	26	15.12%	2	2	93	93	5.2608101493791825E-9	1	1	90	53	23	3	-C
C4_BC28.191219_FM1-2_consensus_vsearch	3824	C	*/-T	162	8	4.65%	2	2	93	93	0.0035907474640792065	1	1	112	50	1	7	-T
C4_BC28.191219_FM1-2_consensus_vsearch	3834	G	*/+C	154	9	5.23%	2	1	93	93	0.0017437389109563706	1	1	96	58	9	0	+C
C4_BC28.191219_FM1-2_consensus_vsearch	3834	G	*/-C	154	9	5.23%	2	1	93	93	0.0017437389109563706	1	1	96	58	9	0	+C
C4_BC28.191219_FM1-2_consensus_vsearch	3843	C	*/-T	117	13	7.6%	2	2	93	93	8.906024795548768E-5	1	1	63	54	12	1	-T
C4_BC28.191219_FM1-2_consensus_vsearch	3843	C	*/-TT	117	28	16.37%	2	1	93	93	8.80298085274745E-10	1	1	63	54	28	0	-TT
C4_BC28.191219_FM1-2_consensus_vsearch	3843	C	*/-TTG	117	10	5.85%	2	1	93	93	8.12360522097531E-4	1	1	63	54	10	0	-TT
C4_BC28.191219_FM1-2_consensus_vsearch	3846	G	*/-A	140	11	7.1%	2	1	93	93	4.043060547994595E-4	1	1	83	57	11	0	-A
C4_BC28.191219_FM1-2_consensus_vsearch	3852	C	*/+A	155	8	4.68%	2	1	93	93	0.0035774772495738992	1	1	101	54	8	0	+A
C4_BC28.191219_FM1-2_consensus_vsearch	3852	C	*/-A	155	7	4.09%	2	2	93	93	0.00731245349755727	1	1	101	54	4	3	+A
C4_BC28.191219_FM1-2_consensus_vsearch	3859	T	*/-C	153	18	10.47%	2	1	93	93	2.380092135578291E-6	1	1	115	38	0	18	-C
C4_BC28.191219_FM1-2_consensus_vsearch	3869	T	*/-C	161	9	5.23%	2	1	93	93	0.0017521117144003763	1	1	105	56	9	0	-C
C4_BC28.191219_FM1-2_consensus_vsearch	3871	C	*/-T	159	10	5.78%	2	2	93	93	8.515291395461669E-4	1	1	111	48	2	8	-T
C4_BC28.191219_FM1-2_consensus_vsearch	3881	G	*/-A	151	13	7.51%	2	2	93	93	9.532638090975499E-5	1	1	96	55	12	1	-A
C4_BC28.191219_FM1-2_consensus_vsearch	3884	A	*/+G	116	8	4.62%	2	2	93	93	0.0034768803058822526	1	1	77	39	7	1	+G
C4_BC28.191219_FM1-2_consensus_vsearch	3884	A	*/-G	116	43	24.86%	2	2	93	93	4.231929653277704E-15	1	1	77	39	26	17	-G
C4_BC28.191219_FM1-2_consensus_vsearch	3887	G	*/-A	153	13	7.6%	2	2	93	93	9.56221163141673E-5	1	1	98	55	12	1	-A
C4_BC28.191219_FM1-2_consensus_vsearch	3896	T	*/-A	139	18	10.53%	2	1	93	93	2.2762805467917967E-6	1	1	90	49	18	0	-A
C4_BC28.191219_FM1-2_consensus_vsearch	3918	G	*/+A	153	17	9.83%	2	1	93	93	5.009947026123489E-6	1	1	95	58	17	0	+A
C4_BC28.191219_FM1-2_consensus_vsearch	3945	A	*/-C	148	7	4.14%	2	2	93	93	0.00729017238491925	1	1	91	57	6	1	-C
C4_BC28.191219_FM1-2_consensus_vsearch	3945	A	*/-CC	148	10	5.92%	2	1	93	93	8.43193752284248E-4	1	1	91	57	10	0	-CC
C4_BC28.191219_FM1-2_consensus_vsearch	3948	C	*/-A	145	16	9.36%	2	2	93	93	1.0313695879487064E-5	1	1	92	53	15	1	-A
C4_BC28.191219_FM1-2_consensus_vsearch	3950	A	*/-G	143	20	11.83%	2	2	93	93	5.12860133278581E-7	1	1	103	40	6	14	-G
C4_BC28.191219_FM1-2_consensus_vsearch	3964	A	*/-G	151	15	8.88%	2	1	93	93	2.192176748292141E-5	1	1	109	42	0	15	-G
C4_BC28.191219_FM1-2_consensus_vsearch	3971	A	*/-G	157	9	5.29%	2	1	93	93	0.0017474110844853488	1	1	101	56	9	0	-G
C4_BC28.191219_FM1-2_consensus_vsearch	4003	C	*/+G	163	7	4.07%	2	1	93	93	0.007335698806984051	1	1	106	57	7	0	+G
C4_BC28.191219_FM1-2_consensus_vsearch	4010	C	*/-G	143	20	11.76%	2	2	93	93	5.12860133278581E-7	1	1	95	48	15	5	-G
C4_BC28.191219_FM1-2_consensus_vsearch	4029	G	*/-A	144	9	5.26%	2	1	93	93	0.0017304927258662349	1	1	86	58	9	0	-A
C4_BC28.191219_FM1-2_consensus_vsearch	4029	G	*/-AG	144	17	9.94%	2	1	93	93	4.887208831783242E-6	1	1	86	58	17	0	-AG
C4_BC28.191219_FM1-2_consensus_vsearch	4030	A	*/+G	35	31	21.38%	2	2	93	93	4.440462294412037E-12	1	1	31	4	19	12	+G
C4_BC28.191219_FM1-2_consensus_vsearch	4030	A	*/+GG	35	51	35.17%	2	2	93	93	8.890810755605844E-21	1	1	31	4	16	35	+GG
C4_BC28.191219_FM1-2_consensus_vsearch	4045	A	*/-G	124	12	7.1%	2	1	93	93	1.894839263750534E-4	1	1	74	50	12	0	-G
C4_BC28.191219_FM1-2_consensus_vsearch	4045	A	*/-GGA	124	21	12.43%	2	1	93	93	2.185913972965946E-7	1	1	74	50	21	0	-GGA
C4_BC28.191219_FM1-2_consensus_vsearch	4047	G	*/+A	114	13	8.84%	2	1	93	93	8.836474640980474E-5	1	1	56	58	13	0	+A
C4_BC28.191219_FM1-2_consensus_vsearch	4047	G	*/-A	114	9	6.12%	2	1	93	93	0.001678365017385658	1	1	56	58	9	0	+A
C4_BC28.191219_FM1-2_consensus_vsearch	4051	G	*/-C	130	26	15.66%	2	1	93	93	4.785355135480305E-9	1	1	73	57	26	0	-C
C4_BC28.191219_FM1-2_consensus_vsearch	4059	G	*/-CG	160	8	4.68%	2	1	93	93	0.003587066500341587	1	1	112	48	0	8	-CG
C4_BC28.191219_FM1-2_consensus_vsearch	4079	G	*/-C	151	13	7.6%	2	2	93	93	9.532638090975499E-5	1	1	105	46	6	7	-C
C4_BC28.191219_FM1-2_consensus_vsearch	4086	G	*/-A	151	18	10.4%	2	2	93	93	2.3661072156808664E-6	1	1	105	46	9	9	-A
C4_BC28.191219_FM1-2_consensus_vsearch	4092	C	*/-T	165	7	4.05%	2	1	93	93	0.007341176420737498	1	1	115	50	0	7	-T
C4_BC28.191219_FM1-2_consensus_vsearch	4130	C	*/-T	163	7	4.07%	2	1	93	93	0.007335698806984051	1	1	114	49	0	7	-T
C4_BC28.191219_FM1-2_consensus_vsearch	4149	T	*/-C	138	27	15.88%	2	2	93	93	2.340382165315506E-9	1	1	85	53	26	1	-C
C4_BC28.191219_FM1-2_consensus_vsearch	4164	C	*/-T	164	7	4.05%	2	1	93	93	0.007338453432453804	1	1	114	50	0	7	-T
C4_BC28.191219_FM1-2_consensus_vsearch	4187	G	*/+A	162	11	6.36%	2	1	93	93	4.144410722870704E-4	1	1	104	58	11	0	+A
C4_BC28.191219_FM1-2_consensus_vsearch	4189	T	*/+A	135	8	4.76%	2	1	93	93	0.0035325763803669705	1	1	84	51	8	0	+A
C4_BC28.191219_FM1-2_consensus_vsearch	4189	T	*/-A	135	20	11.9%	2	2	93	93	4.956091876252266E-7	1	1	84	51	17	3	-A
C4_BC28.191219_FM1-2_consensus_vsearch	4191	A	*/-G	121	32	18.82%	2	2	93	93	3.8069368321814134E-11	1	1	75	46	25	7	-G
C4_BC28.191219_FM1-2_consensus_vsearch	4221	A	*/-G	148	19	11.11%	2	2	93	93	1.1089436228201743E-6	1	1	108	40	3	16	-G
C4_BC28.191219_FM1-2_consensus_vsearch	4226	T	*/-A	153	11	6.36%	2	1	93	93	4.106051869833816E-4	1	1	96	57	11	0	-A
C4_BC28.191219_FM1-2_consensus_vsearch	4228	A	*/+G	129	10	5.88%	2	2	93	93	8.258446494114862E-4	1	1	80	49	7	3	+G
C4_BC28.191219_FM1-2_consensus_vsearch	4228	A	*/-G	129	23	13.53%	2	2	93	93	4.8480804145251095E-8	1	1	80	49	20	3	-G
C4_BC28.191219_FM1-2_consensus_vsearch	4241	A	*/-G	152	11	6.4%	2	2	93	93	4.101542968089175E-4	1	1	95	57	10	1	-G
C4_BC28.191219_FM1-2_consensus_vsearch	4261	C	*/-G	131	31	18.02%	2	2	93	93	9.522789809927181E-11	1	1	89	42	21	10	-G
C4_BC28.191219_FM1-2_consensus_vsearch	4290	C	*/-TT	154	11	6.47%	2	2	93	93	4.110509155841592E-4	1	1	101	53	8	3	-TT
C4_BC28.191219_FM1-2_consensus_vsearch	4298	C	*/-G	153	12	7.06%	2	2	93	93	1.984383730406842E-4	1	1	111	42	1	11	-G
C4_BC28.191219_FM1-2_consensus_vsearch	4309	C	*/-T	156	7	4.12%	2	2	93	93	0.007315482324450346	1	1	107	49	4	3	-T
C4_BC28.191219_FM1-2_consensus_vsearch	4317	C	*/-T	158	11	6.43%	2	1	93	93	4.127839426459288E-4	1	1	113	45	0	11	-T
C4_BC28.191219_FM1-2_consensus_vsearch	4356	T	*/+C	147	15	8.93%	2	2	93	93	2.17349769556443E-5	1	1	101	46	10	5	+C
C4_BC28.191219_FM1-2_consensus_vsearch	4374	T	*/-G	126	35	20.96%	2	2	93	93	3.6558046104105035E-12	1	1	72	54	32	3	-G
C4_BC28.191219_FM1-2_consensus_vsearch	4381	T	*/+C	159	7	4.14%	2	1	93	93	0.007324352646937745	1	1	104	55	7	0	+C
C4_BC28.191219_FM1-2_consensus_vsearch	4395	T	*/-A	145	8	5.1%	2	2	93	93	0.003556460912469871	1	1	96	49	2	6	-A
